-- Tipos de documento
INSERT INTO new_idiomas_doc_type (id, name) VALUES
(1, 'DNI'),
(2, 'Carnet de Extranjeria'),
(3, 'Pasaporte'),
(4, 'Tarjeta de Residencia');

-- Países
INSERT INTO countries (id, name) VALUES
(9101, 'Argelia'),
(9102, 'Argentina'),
(9103, 'Brasil'),
(9104, 'Chile'),
(9105, 'Colombia'),
(9106, 'Ecuador'),
(9233, 'Peru'),
(9234, 'Bolivia'),
(9300, 'México'),
(9508, 'República De Fiyi');

-- Roles de usuario
INSERT INTO new_idiomas_role (id, name) VALUES
(1, 'Coordinador'),
(2, 'Docente'),
(3, 'Programador'),
(4, 'Asesor'),
(5, 'Asistente'),
(6, 'Estudiante'),
(7, 'Consultor de certificados');

INSERT INTO new_idiomas_teacher_state (id, name) VALUES
(1, 'Activo'),
(2, 'Inactivo');

INSERT INTO new_idiomas_student_state (id, name) VALUES
(1, 'Activo'),
(2, 'Inactivo');

INSERT INTO new_idiomas_postgraduate_permanency (id, name) VALUES
(1, 'Reserva de Ingreso'),
(2, 'Egresado'),
(3, 'Activo'),
(4, 'Expulsado / Separado'),
(5, 'Inactivo'),
(6, 'Reserva de Matricula'),
(7, 'Anulacion de Ingreso'),
(8, 'Abandono'),
(9, 'Concluido'),
(10, 'Anulacion derecho de matricula'),
(11, 'Estancia Academica'),
(12, 'Anulacion de Oficio'),
(13, 'Sepacion Automatica');

INSERT INTO new_idiomas_faculty (id, name) VALUES
(1, 'Medicina'),
(2, 'Derecho y ciencias politicas'),
(3, 'Letras y ciencias humanas'),
(4, 'Farmacia y bioquimica'),
(5, 'Odontologia'),
(6, 'Educacion'),
(7, 'Quimica e ingenieria quimica'),
(8, 'Medicina veterinaria'),
(9, 'Ciencias administrativas'),
(10, 'Ciencias biologicas'),
(11, 'Ciencias contables'),
(12, 'Ciencias economicas'),
(13, 'Ciencias fisicas'),
(14, 'Ciencias matematicas'),
(15, 'Ciencias sociales'),
(16, 'Ingenieria geologica, minera, metalurgica y geografica'),
(17, 'Ingenieria industrial'),
(18, 'Psicologia'),
(19, 'Ingenieria electronica y electrica'),
(20, 'Ingenieria de sistemas e informatica');

INSERT INTO new_idiomas_postgraduate_program (faculty_id, program_id, name) VALUES
(1, 201, 'Segunda Especialidad en Medicina Humana'),
(1, 202, 'Segunda Especialidad en Enfermería'),
(1, 203, 'Segunda Especialidad en Epidemiología de Campo'),
(1, 204, 'Programa de Segunda Especialidad para Nutricionist...'),
(1, 205, 'Programa de Segunda Especialidad para Obstetras'),
(1, 304, 'Diplomatura en Auditoria Medica'),
(1, 305, 'Diplomatura en Etica y Deontologia en Salud'),
(1, 306, 'Diplomatura en Neurociencias'),
(1, 307, 'Programa de Epidemiologia de Campo IV Etapa'),
(1, 309, 'Diplomatura en Promocion de la Salud'),
(1, 310, 'Diplomatura en Terapias Alternativas'),
(1, 313, 'Diplomatura en Ciencias de la Nutrición'),
(1, 314, 'Diplomatura en Epidemiología Aplicada a la Gestión...'),
(1, 315, 'Diplomatura en Epidemiología Aplicada a la Gestión...'),
(1, 316, 'Diplomatura en Manejo Integral de la TBC-VIH/Sida ...'),
(1, 317, 'Diplomatura en Atención Integral en Salud a Víctim...'),
(1, 318, 'Diplomatura en Genetica y Embriogenia Humana'),
(1, 319, 'Diplomatura en Atencion Integral con Enfoque en Sa...'),
(1, 320, 'Diplomatura en Salud Materno Infantil'),
(1, 321, 'Diplomatura de Gestión de la Calidad en Salud'),
(1, 322, 'Diplomatura en Asesoria de Tesis'),
(1, 325, 'Diplomatura en Especialización en Salud Digital y ...'),
(1, 326, 'Diplomatura en Endocrinología en Ginecología y Obs...'),
(1, 327, 'Diplomatura en Manejo Integral del Dolor Crónico'),
(1, 328, 'Diplomado en Gestión de Redes Integradas de Salud ...'),
(1, 329, 'Diplomatura en Cuidados Paliativos'),
(1, 401, 'Maestria en Fisiología'),
(1, 402, 'Maestria en Salud Ocupacional'),
(1, 403, 'Maestria en Enfermería'),
(1, 404, 'Maestria en Bioquímica'),
(1, 405, 'Maestria en Nutrición'),
(1, 406, 'Maestria en Epidemiología'),
(1, 407, 'Maestria en Medicina'),
(1, 408, 'Maestria en Obstetricia'),
(1, 409, 'Maestria en Gerencia de Servicios de Salud'),
(1, 410, 'Maestria en Salud Publica'),
(1, 411, 'Maestria en Infectologia Pediátrica'),
(1, 412, 'Maestria en Salud Reproductiva'),
(1, 413, 'Maestria en Enfermedades Infecciosas y Tropicales ...'),
(1, 414, 'Maestria en Bioetica'),
(1, 415, 'Maestria en Docencia e Investigacion en Salud'),
(1, 416, 'Maestria en Neurociencias'),
(1, 417, 'Maestria en Politicas y Planificacion en Salud'),
(1, 418, 'Maestria en Salud Ocupacional y Ambiental'),
(1, 419, 'Maestria en Ética en Salud y Bioética Clínica'),
(1, 420, 'Maestria en Salud Infantil Comunitaria'),
(1, 421, 'Maestria en Salud Sexual y Reproductiva'),
(1, 423, 'Maestria Profesional en Gestión en Sistema de Emer...'),
(1, 424, 'Maestria en Cuidados Paliativos y Manejo del Dolor'),
(1, 501, 'Doctorado en Medicina'),
(1, 502, 'Doctorado en Ciencias de la Salud'),
(1, 503, 'Doctorado en Neurociencias'),
(1, 504, 'Doctorado en Enfermería'),
(2, 201, 'Segunda Especialidad en Derecho y Ciencia Politica'),
(2, 302, 'Diplomatura en Análisis Político'),
(2, 303, 'Diplomado en Gestión y Políticas Públicas'),
(2, 401, 'Maestria en Derecho'),
(2, 501, 'Doctorado en Derecho y Ciencia Politica'),
(3, 201, 'Segunda Especialidad en Lingüística Hispánica'),
(3, 302, 'Diplomatura en Museología'),
(3, 305, 'Diplomatura en Conservación Preventiva de Bienes C...'),
(3, 306, 'Diplomatura en Revitalizacion Lingüística y Cultur...'),
(3, 401, 'Maestria en Literatura Peruana y Latinoamericana'),
(3, 402, 'Maestria en Filosofia'),
(3, 403, 'Maestria en Lingüistica'),
(3, 404, 'Maestria en Comunicación Social'),
(3, 405, 'Maestria en Arte Peruano y Latinoamericano'),
(3, 406, 'Maestria en Educación Intercultural Bilingüe'),
(3, 407, 'Maestria en Literatura'),
(3, 408, 'Maestria en Escritura Creativa'),
(3, 409, 'Maestria en Lengua y Literatura'),
(3, 410, 'Maestria en Bibliotecología e Información'),
(3, 411, 'Maestria en Comunicaciónes'),
(3, 419, 'Maestria en Gestión de la Información'),
(3, 501, 'Doctorado en Literatura Peruana y Latinoamericana'),
(3, 502, 'Doctorado en Filosofia'),
(3, 503, 'Doctorado en Lingüistica'),
(3, 504, 'Doctorado en Historia del Arte'),
(3, 505, 'Doctorado en Comunicación, Periodismo y Medios Dig...'),
(4, 201, 'Segunda Especialidad en Farmacia y Bioquimica'),
(4, 202, 'Segunda Especialidad en Productos Sanitarios, Mate...'),
(4, 203, 'Segunda Especialidad en Politicas y Regulación Far...'),
(4, 301, 'Diplomatura en Atención Farmacéutica'),
(4, 302, 'Diplomatura en Gestión y Aprovechamiento de Planta...'),
(4, 303, 'Diplomatura en Gestión de Ciencia, Tecnología y So...'),
(4, 304, 'Diplomatura en Asuntos Regulatorios Farmacéuticos'),
(4, 305, 'Diplomatura en Evaluación Sanitaria de Productos F...'),
(4, 306, 'Diplomatura en Aseguramiento y Auditorías de Siste...'),
(4, 307, 'Diplomatura Virtual en Gestión de la Cadena de Sum...'),
(4, 308, 'Diplomatura en Toxicología Forense'),
(4, 401, 'Maestria en Bromatología'),
(4, 402, 'Maestria en Farmacología'),
(4, 403, 'Maestria en Recursos Vegetales y Terapéuticos'),
(4, 404, 'Maestria en Biotecnología'),
(4, 405, 'Maestria en Microbiología'),
(4, 406, 'Maestria en Ciencia de Los Alimentos'),
(4, 407, 'Maestria en Toxicologia'),
(4, 408, 'Maestria en Atencion Farmaceutica'),
(4, 409, 'Maestria en Ciencias Farmaceuticas'),
(4, 410, 'Maestria en Química Clínica'),
(4, 411, 'Maestria en Productos Naturales y Biocomercio'),
(4, 501, 'Doctorado en Farmacia y Bioquímica'),
(5, 201, 'Segunda Especialidad en Odontologia'),
(5, 202, 'Segunda Especialidad Profesional en Periodoncia e ...'),
(5, 203, 'Segunda Especialidad Profesional en Endodoncia'),
(5, 206, 'Segunda Especialidad Profesional en Ortodoncia y O...'),
(5, 207, 'Segunda Especialidad Profesional en Odontopediatrí...'),
(5, 208, 'Segunda Especialidad Profesional en Rehabilitación...'),
(5, 209, 'Segunda Especialidad Profesional en Cirugía Bucal ...'),
(5, 210, 'Segunda Especialidad Profesional en Odontología Fo...'),
(5, 301, 'Diplomatura en Cirugía Periodontal'),
(5, 302, 'Diplomatura en Implantología Oral'),
(5, 303, 'Diplomatura en Odontología del Niño y del Adolesce...'),
(5, 304, 'Diplomatura en Técnicas Ortodónticas Fijas'),
(5, 305, 'Diplomatura en Estética Restauradora'),
(5, 306, 'Diplomatura en Endodoncia Clinica'),
(5, 307, 'Diplomatura en Protesis Fija'),
(5, 308, 'Diplomatura en Cirugía Bucal'),
(5, 309, 'Diplomado en Cirugía Bucal'),
(5, 401, 'Maestria en Estomatologia'),
(5, 402, 'Maestria en Odontoestomatologia de Salud Publica'),
(5, 501, 'Doctorado en Estomatologia'),
(6, 201, 'Segunda Especialidad en Educación'),
(6, 301, 'Diplomatura en Formación de Formadores en Salud In...'),
(6, 308, 'Diplomatura en Acompañamiento y Evaluación de la T...'),
(6, 309, 'Diplomatura en Preparación Física'),
(6, 310, 'Diplomatura en Diseños Cualitativos y Experimental...'),
(6, 311, 'Diplomado en Metodologías Activas para el Desarrol...'),
(6, 401, 'Maestria en Educación'),
(6, 402, 'Maestria en Educación Física'),
(6, 403, 'Maestria Profesional en Didáctica de la Comunicaci...'),
(6, 404, 'Maestria Profesional en Didáctica de la Matemática'),
(6, 501, 'Doctorado en Educación'),
(6, 502, 'Doctorado en Educación y Docencia Universitaria'),
(7, 301, 'Diplomatura en Gestión de la Innovación y Emprendi...'),
(7, 302, 'Diplomatura en Gerenciamiento de los Energéticos y...'),
(7, 401, 'Maestria en Quimica'),
(7, 402, 'Maestria en Ingenieria Quimica'),
(7, 403, 'Maestria en Tecnología Agroindustrial'),
(7, 501, 'Doctorado en Ciencias Quimicas'),
(7, 502, 'Doctorado en Ingenieria Quimica'),
(8, 201, 'Segunda Especialidad en Animales de Compañía'),
(8, 202, 'Segunda Especialidad en Avicultura'),
(8, 203, 'Segunda Especialidad en Epidemiología y Economía V...'),
(8, 204, 'Programa de Residentado en Clínica de Animales Men...'),
(8, 205, 'Programa de Residentado en Medicina y Producción L...'),
(8, 206, 'Programa de Residentado en Clínica y Patología Avi...'),
(8, 207, 'Segunda Especialidad en Porcicultura'),
(8, 301, 'Diplomatura en Gestión de la Biodiversidad'),
(8, 302, 'Diplomatura en Gestión en Clínicas Veterinarias'),
(8, 304, 'Diplomatura en Manejo de Fauna Silvestre'),
(8, 307, 'Diplomatura en Gestión del Riesgo y Adaptación al ...'),
(8, 308, 'Diplomatura en Evaluacion y Registro Sanitario de ...'),
(8, 309, 'Diplomatura en Manejo Avícola'),
(8, 310, 'Diplomatura en Producción Avícola'),
(8, 311, 'Diplomatura en Inspeccion e Inocuidad de Carnes'),
(8, 312, 'Diplomatura en Clinica y Cirugia en Bovinos'),
(8, 314, 'Diplomatura en Principios de Anestesia Veterinaria'),
(8, 315, 'Diplomatura de Clínica y Cirugía en Equinos'),
(8, 401, 'Maestria en Producción y Reproducción Animal'),
(8, 402, 'Maestria en Ciencias Veterinarias'),
(8, 403, 'Maestria en Salud Animal'),
(8, 404, 'Maestria en Ciencia Animal'),
(8, 501, 'Doctorado en Medicina Veterinaria'),
(8, 502, 'Doctorado en Ciencias Veterinarias'),
(9, 304, 'Diplomatura en Gestion Publica'),
(9, 306, 'Diplomatura en Políticas Públicas y Gestión en Sal...'),
(9, 401, 'Maestria en Administración'),
(9, 402, 'Maestria en Gestión Estrategica de Turismo'),
(9, 403, 'Maestria en Gestión Publica'),
(9, 404, 'Maestria Profesional en Gestión de Negocios Intern...'),
(9, 406, 'Maestria en Gestión de Negocios Internacionales'),
(9, 501, 'Doctorado en Ciencias Administrativas'),
(10, 401, 'Maestria en Botánica Tropical'),
(10, 402, 'Maestria en Recursos Acuáticos'),
(10, 403, 'Maestria en Zoologia'),
(10, 404, 'Maestria en Biologia Molecular'),
(10, 405, 'Maestria en Genetica'),
(10, 406, 'Maestria en Ecosistemas y Recursos Acuáticos'),
(10, 407, 'Maestria en Biodiversidad y Gestión de Ecosistemas'),
(10, 408, 'Maestria en Bioinformática y Ciencias Ómicas'),
(10, 501, 'Doctorado en Ciencias Biológicas'),
(11, 301, 'Diplomatura de Especialización de Normas Internaci...'),
(11, 302, 'Diplomatura Internacional de Control Interno Empre...'),
(11, 303, 'Diplomatura de Especialización en Tributación y Pl...'),
(11, 304, 'Diplomatura de Especialización en Tributación y Pl...'),
(11, 306, 'Diplomatura de Especialización en Finanzas y Gesti...'),
(11, 308, 'Diplomatura de Especialización en Auditoría Financ...'),
(11, 311, 'Diplomatura en Dirección Estratégica de Costos'),
(11, 312, 'Diplomatura de Especialización en Gestión y Proced...'),
(11, 314, 'Diplomatura en Compliance Penal y la Pericia Conta...'),
(11, 316, 'Especialización Internacional en Contabilidad Gere...'),
(11, 317, 'Programa de Alta Especialización en Formación de R...'),
(11, 318, 'Diplomatura en Normas Internacionales de Contabili...'),
(11, 401, 'Maestria en Contabilidad'),
(11, 402, 'Maestria en Auditoria'),
(11, 403, 'Maestria en Banca y Finanzas'),
(11, 404, 'Maestria en Política y Gestión Tributaria'),
(11, 405, 'Maestria en Comercio Internacional y Aduanas'),
(11, 406, 'Maestria en Finanzas Publicas'),
(11, 407, 'Maestria en Control Gubernamental y Gestión Públic...'),
(11, 408, 'Maestria Profesional en Liderazgo y de Alta Direcc...'),
(11, 409, 'Maestria Profesional en Tributación Internacional'),
(11, 410, 'Maestria Profesional en Auditoría Forense y Compli...'),
(11, 411, 'Maestria de Especialización en Contabilidad Intern...'),
(11, 501, 'Doctorado en Ciencias Contables y Empresariales'),
(11, 502, 'Doctorado en Política Fiscal y Sistema Tributario'),
(12, 401, 'Maestria en Economia'),
(12, 402, 'Maestria en Economia de La Salud'),
(12, 403, 'Maestria en Ciencias de la Gestion Economico Empre...'),
(12, 501, 'Doctorado en Economia'),
(12, 502, 'Doctorado en Gestión Económica Global'),
(12, 503, 'Doctorado en Marketing'),
(13, 301, 'Diplomatura en Arqueometría'),
(13, 401, 'Maestria en Fisica'),
(13, 402, 'Maestria en Ingeniería Hidráulica'),
(13, 403, 'Maestria en Arqueometría'),
(13, 501, 'Doctorado en Física'),
(14, 201, 'Segunda Especialidad en Computación e Informática'),
(14, 401, 'Maestria en Matemática Pura'),
(14, 402, 'Maestria en Estadistica'),
(14, 403, 'Maestria en Computación e Informática'),
(14, 404, 'Maestria en Investigación de Operaciones y Sistema...'),
(14, 405, 'Maestria en Gerencia en Estadística e Informática'),
(14, 406, 'Maestria en Bioestadistica'),
(14, 407, 'Maestria en Estadística Matemática'),
(14, 408, 'Maestria en Matemática Aplicada'),
(14, 501, 'Doctorado en Matemática Pura'),
(14, 502, 'Doctorado en Estadistica'),
(15, 301, 'Diplomatura en Programa de Estudios Sobre Poder y ...'),
(15, 302, 'Diplomatura en Gestion de Procesos Electorales'),
(15, 304, 'Diplomatura en Antropología Forense y Derecho Huma...'),
(15, 305, 'Diplomatura en Puesta en valor de Bienes Patrimoni...'),
(15, 310, 'Diplomatura en Gestión de Proyectos Sociales con E...'),
(15, 311, 'Diplomatura Interdisciplinaria en Políticas de Cui...'),
(15, 312, 'Diplomatura en Historia del Pensamiento Educativo ...'),
(15, 314, 'Diplomatura en Participación Política y Democracia...'),
(15, 401, 'Maestria en Politica Social'),
(15, 402, 'Maestria en Historia'),
(15, 403, 'Maestria en Ciencias de la Religión'),
(15, 404, 'Maestria en Antropologia'),
(15, 405, 'Maestria en Arqueologia Andina'),
(15, 406, 'Maestria en Sociologia'),
(15, 407, 'Maestria en Estudios Amazónicos'),
(15, 408, 'Maestria en Geografia'),
(15, 409, 'Maestria en Ciencias Sociales y Filosofia Latinoam...'),
(15, 410, 'Maestria en Genero, Sexualidad Y Políticas Pública...'),
(15, 411, 'Maestria Internacional en Desarrollo Sustentable'),
(15, 412, 'Maestria en Gestión del Patrimonio Cultural'),
(15, 413, 'Maestria en Arqueología'),
(15, 414, 'Maestria en Género y Desarrollo'),
(15, 415, 'Maestria en Trabajo Social'),
(15, 501, 'Doctorado en Ciencias Sociales'),
(16, 301, 'Diplomatura en Gestion Ambiental para el Desarroll...'),
(16, 401, 'Maestria en Geologia'),
(16, 402, 'Maestria en Ingeniería Metalúrgica'),
(16, 403, 'Maestria en Geografia'),
(16, 404, 'Maestria en Ciencias Ambientales'),
(16, 405, 'Maestria en Gestión Integrada en Seguridad, Salud ...'),
(16, 406, 'Maestria en Ingeniería de Minas'),
(16, 407, 'Maestria en Geometalurgia'),
(16, 501, 'Doctorado en Ciencias Ambientales'),
(17, 301, 'Diplomatura Internacional en Seguridad Integral: S...'),
(17, 303, 'Diplomatura en Gestión de Recursos Humanos'),
(17, 401, 'Maestria en Ingenieria Industrial'),
(17, 402, 'Maestria en Gestión y Tecnología Textil'),
(17, 403, 'Maestria en Dirección de Empresas Industriales y d...'),
(17, 404, 'Maestria en Gestión de Operaciones y Servicios Log...'),
(17, 405, 'Maestria Profesional en Prevención de Riesgos Labo...'),
(17, 406, 'Maestria en Supply Chain Management'),
(17, 407, 'Maestria en Dirección De Empresas'),
(17, 408, 'Maestria en Prevención de Riesgos Laborales y Ambi...'),
(17, 501, 'Doctorado en Ingenieria Industrial'),
(17, 502, 'Doctorado en Gestión de Empresas'),
(17, 503, 'Doctorado en Gerencia de Empresas'),
(18, 201, 'Segunda Especialidad en Psicologia'),
(18, 202, 'Segunda Especialidad en Estrategias de Evaluación ...'),
(18, 203, 'Segunda Especialidad en Intervención Temprana en N...'),
(18, 301, 'Diplomatura en Psicopedagogia'),
(18, 302, 'Diplomatura en Psicoterapia por el Arte'),
(18, 304, 'Diplomatura en Consejería en Adicciones'),
(18, 305, 'Diplomatura en Dificultades de Aprendizaje en Lect...'),
(18, 306, 'Diplomatura en Desarrollo Integral y Prevención de...'),
(18, 307, 'Diplomatura en Psicologia Forense'),
(18, 308, 'Diplomatura en Evaluación Psicológica Forense'),
(18, 309, 'Diplomatura en Peritaje Psicologico'),
(18, 401, 'Maestria en Psicologia'),
(18, 403, 'Maestria Profesional en Psicologia Criminológica'),
(18, 501, 'Doctorado en Psicologia'),
(19, 301, 'Diplomatura en Ingeniería Electrónica Aplicada a E...'),
(19, 302, 'Diplomatura en Gestión y Supervisión del Sector El...'),
(19, 304, 'Diplomatura en Ingeniería Clínica'),
(19, 401, 'Maestria en Microelectrónica'),
(19, 402, 'Maestria en Telecomunicaciones'),
(19, 403, 'Maestria en Dirección Estratégica de las Telecomun...'),
(19, 404, 'Maestria en Ingenieria de Tecnologías de la Inform...'),
(19, 405, 'Maestria en Prospectiva Estratégica para el Desarr...'),
(20, 301, 'Diplomatura en Especialización en Auditoría y Segu...'),
(20, 302, 'Diplomatura en Gerencia de Proyectos en Tecnología...'),
(20, 304, 'Diplomatura en Gestión Pública y Gobierno Electrón...'),
(20, 305, 'Diplomatura en Ciberseguridad'),
(20, 401, 'Maestria en Ingenieria de Sistemas e Informatica'),
(20, 402, 'Maestria en Gestión de la Información y del Conoci...'),
(20, 403, 'Maestria Profesional en Gobierno de Tecnologías de...'),
(20, 501, 'Doctorado en Ingeniería de Sistemas e Informática');

-- Idiomas
INSERT INTO new_idiomas_language (id, name) VALUES
(1, 'Inglés'),
(2, 'Portugués'),
(3, 'Italiano'),
(4, 'Francés'),
(5, 'Quechua'),
(6, 'Aymara');

-- Programas
INSERT INTO new_idiomas_program (id, name) VALUES
(1, 'Regular'),
(2, 'Repaso'),
(3, 'Intensivo');

-- Niveles
INSERT INTO new_idiomas_level (id, name) VALUES
(1, 'Básico'),
(2, 'Intermedio'),
(3, 'Avanzado');

-- Días
INSERT INTO new_idiomas_day (id, name) VALUES
(1, 'Lunes'),
(2, 'Martes'),
(3, 'Miércoles'),
(4, 'Jueves'),
(5, 'Viernes'),
(6, 'Sábado'),
(7, 'Domingo');

-- Secciones
INSERT INTO new_idiomas_section (id, name) VALUES
(1, 'A'),
(2, 'B'),
(3, 'C');

-- Estados de curso
INSERT INTO new_idiomas_courses_state (id, name) VALUES
(1, 'En matrícula'),
(2, 'En curso'),
(3, 'Inhabilitado'),
(4, 'Cerrado'),
(5, 'En matrícula interna');

-- Métodos de pago
INSERT INTO new_idiomas_payment_method (id, name) VALUES
(1, 'Agentes BCP'),
(2, 'Yape'),
(3, 'Banca Móvil');

-- Estados de pago
INSERT INTO new_idiomas_payment_state (id, name) VALUES
(1, 'En revisión'),
(2, 'Aprobado'),
(3, 'Rechazado');

-- Estados de solicitud de matrícula
INSERT INTO new_idiomas_enrollment_request_state (id, name) VALUES
(1, 'Pendiente'),
(2, 'Aprobada'),
(3, 'Rechazada'),
(4, 'Rezagada');

-- Estados del estudiante en curso
INSERT INTO new_idiomas_course_student_state (id, name) VALUES
(1, 'Matriculado'),
(2, 'Alumno libre'),
(3, 'Rezagado'),
(4, 'Retirado');

-- Estados de solicitud de rezago
INSERT INTO new_idiomas_straggle_state (id, name) VALUES
(1, 'Pendiente'),
(2, 'Completada');

-- Modalidades de examen
INSERT INTO new_idiomas_exam_modality (id, name) VALUES
(1, 'Ordinario'),
(2, 'Extraordinario');

-- Estados del examen
INSERT INTO new_idiomas_exam_state (id, name) VALUES
(1, 'En Inscripción'),
(2, 'En Curso'),
(3, 'Inhabilitado'),
(4, 'Finalizado');

-- Estados del estudiante en examen
INSERT INTO new_idiomas_exam_student_state (id, name) VALUES
(1, 'Inscrito'),
(2, 'Rezagado'),
(3, 'Retirado');

-- Estados de solicitud de suficiencia
INSERT INTO new_idiomas_proficiency_request_state (id, name) VALUES
(1, 'Pendiente'),
(2, 'Aprobada'),
(3, 'Rechazada');
